age,income,plan,region,churn
45,133505,plus,north,no
32,79125,plus,east,no
37,24072,premium,north,no
39,50342,basic,east,no
21,52826,basic,west,no
30,55624,plus,north,no
25,21437,basic,east,yes
36,45532,basic,west,yes
49,28528,basic,south,no
55,49262,basic,west,no
18,79483,basic,north,no
41,27060,premium,south,no
27,34678,premium,north,no
23,42868,premium,east,no
31,49298,basic,north,no
36,69591,premium,north,no
44,35461,plus,west,no
39,83096,premium,east,no
41,21839,plus,south,no
46,57706,basic,east,no
37,81983,plus,north,no
31,43519,basic,west,no
52,81420,basic,east,no
18,38230,premium,south,no
30,84936,basic,west,no
39,72008,basic,north,no
21,52616,basic,south,no
41,60389,plus,west,no
27,138943,plus,north,no
22,31250,basic,west,no
41,36070,plus,south,no
52,43934,plus,east,no
38,48251,basic,west,no
28,33346,plus,west,no
28,30386,premium,west,no
46,58274,basic,west,yes
41,55212,premium,south,no
45,60710,plus,south,no
50,204210,plus,north,no
27,80623,premium,east,no
31,51615,basic,west,yes
35,83663,plus,west,no
29,24949,basic,north,no
42,79497,plus,north,no
33,105614,plus,south,no
32,74000,basic,south,no
44,106083,plus,east,no
44,20000,plus,east,no
52,130337,basic,north,no
24,79376,premium,east,no
18,83707,plus,east,no
31,47984,plus,west,no
47,52971,basic,west,yes
47,69993,premium,east,no
28,38667,premium,south,no
33,56743,premium,north,no
27,38418,basic,north,no
29,45465,basic,east,no
20,81972,premium,north,no
58,60546,premium,north,no
23,44716,premium,south,no
38,53779,basic,west,no
38,41157,basic,south,no
41,127007,plus,north,no
25,51195,premium,east,no
22,24060,plus,west,no
29,90690,basic,south,yes
51,34691,basic,west,no
32,44915,basic,west,yes
57,43043,premium,west,no
29,48234,plus,north,no
32,89674,plus,east,no
37,56760,basic,south,no
41,26212,basic,west,no
18,156550,plus,south,no
33,70014,basic,north,no
42,118630,premium,east,no
41,71383,basic,south,yes
33,56173,plus,north,yes
32,29373,plus,west,no
27,41190,plus,north,no
36,137559,plus,east,no
18,48332,basic,south,yes
21,86401,basic,east,no
29,50988,basic,west,no
26,31221,basic,south,no
19,64948,plus,east,no
18,103104,plus,north,yes
31,86760,basic,east,no
31,171765,premium,south,no
47,39940,plus,north,no
37,105214,basic,east,no
33,51607,basic,south,no
33,64412,basic,south,no
41,25137,plus,south,yes
39,146726,plus,west,no
30,69631,plus,north,no
46,54152,plus,south,no
32,38076,premium,east,no
42,40236,basic,north,no
45,39175,basic,south,no
32,116484,basic,west,no
18,49167,premium,east,no
46,41549,basic,south,no
48,64156,basic,east,no
29,35017,basic,west,no
35,20000,basic,east,no
29,41494,basic,east,no
40,57677,basic,west,no
20,31909,basic,east,no
42,40744,premium,east,no
38,46449,plus,south,no
47,36787,basic,south,no
30,73262,basic,south,no
18,41144,basic,south,yes
47,27934,plus,west,no
34,27172,basic,south,no
27,64528,basic,north,no
27,32858,premium,south,no
25,45326,basic,north,no
18,36786,basic,east,yes
28,112124,plus,west,no
40,130109,basic,south,no
40,31421,basic,south,no
45,21988,plus,north,no
37,58282,basic,south,no
48,20000,basic,west,no
34,41861,plus,west,no
49,73227,premium,west,yes
37,29714,basic,south,no
42,98247,premium,south,yes
19,48107,plus,south,no
29,42703,premium,east,no
24,50181,basic,south,no
40,20000,premium,west,no
34,59443,basic,east,no
26,55794,plus,north,no
36,123017,premium,west,no
41,103500,basic,south,no
52,62015,basic,north,yes
51,30570,basic,east,no
48,30470,basic,west,yes
38,52180,plus,south,no
45,44248,premium,north,no
27,36218,plus,east,no
54,36336,plus,west,no
51,135305,basic,east,no
49,168317,basic,north,no
34,37937,basic,east,no
33,40637,basic,west,no
30,45196,premium,south,no
37,38680,basic,west,no
29,55915,basic,south,yes
62,85335,basic,north,yes
54,50747,basic,south,yes
30,35748,basic,north,no
49,40766,plus,north,no
41,91316,basic,north,no
48,49199,basic,east,yes
44,115756,premium,north,no
27,20000,basic,south,no
34,49066,basic,east,no
30,55780,basic,south,no
38,65697,plus,west,no
25,42271,plus,east,no
29,28949,basic,south,no
47,104011,plus,west,no
34,27193,basic,west,no
30,98164,basic,west,no
28,28483,basic,north,no
26,54104,premium,west,no
24,92117,premium,north,no
29,53850,plus,north,no
18,42877,basic,east,no
36,30264,basic,north,no
25,24458,plus,east,no
48,57331,plus,north,no
30,20597,premium,west,no
39,64098,basic,west,no
26,103786,basic,west,yes
18,42369,premium,east,no
49,39677,basic,north,no
31,145692,premium,east,no
51,32866,premium,north,no
44,40399,basic,east,no
24,43465,basic,north,no
25,66893,basic,north,no
25,58536,premium,north,no
38,29725,premium,west,no
34,22581,plus,north,no
29,65187,plus,east,no
53,64148,plus,north,no
38,32758,basic,south,no
31,43322,premium,north,no
29,122155,basic,south,no
42,25014,plus,south,no
47,70970,premium,south,no
33,54254,plus,north,yes
51,34301,basic,south,no
45,41662,plus,west,no
40,58133,basic,east,no
24,61732,basic,west,no
37,81450,basic,north,no
42,53926,basic,north,no
24,41967,basic,east,no
41,103497,basic,north,no
38,35700,basic,west,no
20,124090,basic,south,no
22,37076,plus,east,no
22,45479,basic,west,no
52,49392,basic,east,yes
46,20000,plus,west,no
31,61134,basic,south,no
31,76728,plus,north,no
48,94859,basic,south,no
38,227269,plus,west,no
31,67453,basic,east,yes
47,28875,basic,north,no
41,65965,plus,west,no
32,66316,basic,west,yes
26,92272,plus,east,no
24,81347,premium,west,no
32,48280,basic,east,yes
34,47148,premium,south,no
39,39205,premium,north,no
36,75928,plus,south,no
42,51664,plus,east,no
18,35751,basic,east,no
26,48884,plus,west,no
33,60992,plus,east,no
28,35397,basic,south,yes
31,29908,basic,west,no
43,90022,basic,west,no
25,58248,plus,south,no
31,79516,basic,east,no
39,42165,basic,west,yes
56,96598,premium,north,no
20,28807,plus,north,no
26,26171,premium,east,no
34,27125,basic,west,yes
27,151192,premium,south,no
41,57470,plus,north,no
32,56888,plus,west,no
40,67957,plus,east,no
28,98856,premium,west,no
51,69884,plus,west,no
31,90874,plus,west,no
48,44179,premium,north,no
39,77059,plus,south,no
49,34765,basic,south,no
31,57555,basic,north,no
18,64405,basic,east,no
35,35467,plus,east,no
39,68364,plus,east,no
48,38032,basic,east,no
30,24216,premium,east,no
36,68501,plus,south,no
32,22157,basic,east,no
37,62620,basic,east,yes
22,31668,plus,east,yes
41,38474,basic,north,no
36,32610,basic,north,no
19,78164,basic,south,no
29,121734,basic,east,no
28,42890,plus,north,no
39,70057,premium,west,no
47,35354,basic,east,yes
30,130540,premium,east,no
41,101714,basic,east,no
53,38124,basic,south,no
43,49454,plus,south,no
40,47873,plus,south,no
31,28916,plus,south,no
49,154449,basic,west,no
54,35797,premium,east,no
36,120318,basic,east,yes
41,35881,premium,east,no
39,25980,basic,south,no
33,88212,basic,north,no
35,88505,basic,east,no
18,78328,basic,south,no
27,80244,plus,west,no
39,29043,premium,south,no
30,60554,plus,west,no
33,129878,basic,north,yes
18,53729,basic,west,no
36,44503,basic,east,yes
41,41556,premium,west,no
26,103411,plus,west,no
30,82299,basic,east,yes
39,68716,plus,east,no
22,97929,plus,south,no
51,37857,basic,south,no
29,37790,basic,east,no
33,77432,plus,west,no
28,89545,basic,north,no
20,75612,basic,south,no
32,27491,premium,north,no
36,56968,basic,east,no
22,94530,plus,south,no
18,63657,basic,west,no
42,60697,basic,south,no
40,20000,premium,south,no
34,84826,plus,east,no
31,98378,plus,north,no
47,85176,basic,west,no
42,72774,basic,east,yes
45,35636,basic,south,no
32,37058,basic,north,no
56,87107,plus,east,no
38,55055,basic,north,yes
21,157326,basic,east,no
30,106302,basic,north,yes
55,46452,basic,north,no
19,50799,basic,north,no
28,20000,basic,west,yes
23,103300,plus,south,yes
29,110051,basic,east,no
34,29987,plus,east,no
37,25702,plus,south,no
44,42798,basic,north,no
39,35832,plus,west,no
49,31920,plus,west,no
50,61177,basic,south,yes
50,180650,plus,west,no
42,55879,basic,east,no
24,42902,plus,north,no
28,60412,basic,west,no
40,43519,plus,south,no
18,292215,plus,north,no
48,20000,basic,west,no
33,29353,plus,east,no
46,61602,plus,west,no
37,110039,premium,north,no
22,71022,basic,south,no
32,20000,premium,east,no
18,82503,plus,west,no
29,42136,basic,west,yes
34,50217,basic,north,no
33,75151,plus,west,no
42,47226,premium,south,no
32,24755,plus,east,no
26,50645,basic,south,no
27,56819,plus,south,yes
45,47969,plus,south,no
48,57648,basic,south,no
34,107383,basic,south,no
47,74876,basic,north,yes
28,69486,basic,north,yes
55,119203,plus,south,no
18,34567,premium,west,no
35,77838,plus,east,no
44,40525,plus,north,no
18,66681,premium,east,no
50,57812,basic,south,no
35,43201,basic,west,no
24,43884,basic,west,no
18,107741,basic,west,no
23,73222,premium,south,no
36,40912,premium,east,no
25,78212,plus,north,no
24,108111,premium,north,no
30,59593,plus,north,yes
41,90079,plus,east,yes
41,70721,plus,north,no
20,143324,basic,south,no
26,41836,basic,east,no
30,149252,basic,south,no
36,20000,premium,west,no
40,29587,basic,north,no
35,121361,basic,west,no
25,66864,basic,east,no
29,49811,plus,east,no
25,54040,basic,south,yes
30,39469,plus,west,no
41,46023,basic,north,yes
20,21132,plus,west,no
24,41467,premium,east,no
34,195350,basic,east,no
35,80055,premium,south,no
18,29520,premium,west,no
37,29351,plus,south,no
38,103050,plus,south,no
31,46809,plus,north,no
37,29542,plus,west,no
43,210575,plus,west,yes
41,127728,basic,west,no
53,54352,basic,north,no
35,89959,premium,north,no
35,20000,basic,north,yes
45,57761,basic,north,no
43,63075,basic,west,yes
31,38215,basic,east,yes
39,58383,basic,north,no
25,43717,premium,north,no
53,133274,premium,west,no
25,57021,plus,south,no
45,170908,basic,east,no
33,91937,basic,south,yes
23,38663,basic,east,no
42,58555,basic,west,no
28,40645,plus,west,yes
39,39911,plus,north,no
18,31158,plus,east,no
18,31197,basic,south,no
41,38161,basic,south,no
37,35457,plus,east,no
34,69336,plus,east,no
26,96665,plus,south,no
48,66273,basic,west,yes
39,59217,basic,south,yes
42,97569,basic,east,no
53,89124,basic,south,no
24,67664,premium,south,no
20,20000,basic,east,no
44,50075,plus,north,no
47,53712,basic,north,no
24,57928,plus,south,no
36,37963,plus,west,no
38,31808,basic,east,no
32,61983,plus,south,no
40,26751,basic,south,yes
40,74037,premium,east,yes
33,46107,basic,south,yes
41,46272,plus,east,no
33,89880,plus,south,no
31,47635,plus,east,no
32,103323,basic,south,no
22,40032,premium,north,yes
50,47530,plus,east,no
52,60561,basic,west,no
43,78354,premium,south,no
34,68513,plus,south,no
43,98826,basic,west,no
43,93598,basic,west,no
39,56231,plus,west,no
53,34354,basic,north,no
24,32738,basic,west,no
42,101097,basic,west,no
35,61230,basic,north,no
46,82168,plus,east,no
34,91196,premium,east,no
32,27564,basic,east,yes
20,52176,plus,east,no
50,39718,basic,east,yes
35,27992,basic,north,no
29,53023,basic,north,no
41,34486,basic,north,no
50,82960,basic,east,no
38,45674,plus,east,no
27,30454,basic,west,no
26,86356,basic,north,no
35,58025,premium,west,no
45,42617,premium,north,no
39,57221,basic,west,yes
34,20000,plus,east,no
33,41574,basic,east,yes
33,64539,basic,east,no
50,76458,plus,west,no
29,59534,basic,west,no
48,91861,basic,south,no
37,48124,basic,north,yes
26,47917,premium,east,no
35,62505,premium,north,no
49,95335,plus,north,no
38,103985,basic,south,no
23,26922,basic,west,no
39,173639,basic,west,yes
43,70156,premium,south,no
35,23653,basic,west,no
38,38753,premium,south,no
25,28030,plus,west,no
25,53058,plus,east,no
28,134700,basic,north,yes
24,47652,plus,south,no
21,22575,plus,east,no
29,36123,plus,south,no
22,22413,premium,west,no
31,66205,plus,south,no
29,71750,premium,north,no
33,44493,premium,south,no
20,63516,plus,west,no
18,87897,plus,north,no
32,37121,basic,east,no
42,43186,basic,north,no
36,43481,plus,north,no
39,29985,plus,south,no
18,43170,premium,north,no
53,38036,premium,south,no
40,54748,basic,east,no
18,147203,basic,south,no
38,20857,basic,north,no
36,48620,basic,south,no
34,77813,basic,east,no
56,50104,basic,west,no
44,75543,premium,west,no
42,60971,plus,east,no
34,78039,basic,west,no
30,36749,basic,north,yes
45,94774,plus,north,no
18,69621,premium,south,no
25,101792,premium,south,no
40,60965,plus,west,no
28,59302,plus,west,no
40,60099,basic,south,yes
44,70606,plus,east,no
43,89339,basic,south,no
32,35471,basic,north,yes
32,114425,plus,east,no
34,73551,plus,south,no
28,37347,basic,north,no
22,204080,basic,south,no
35,157023,plus,north,no
24,76338,basic,west,no
49,34148,plus,east,no
18,56135,premium,east,no
37,69349,basic,north,yes
39,40312,plus,north,no
20,59989,basic,east,yes
36,43174,plus,west,no
37,134673,basic,north,no
38,34089,premium,south,no
45,20000,basic,south,no
42,90945,premium,north,no
29,110502,basic,south,no
34,59418,premium,south,no
31,49600,basic,north,no
38,139126,plus,north,no
31,100830,basic,north,no
42,30165,plus,west,no
37,42305,basic,north,yes
28,63583,plus,west,no
47,26483,basic,south,no
28,79310,basic,south,no
51,52675,basic,south,yes
45,163085,basic,south,no
21,69048,plus,south,no
33,58489,basic,west,no
18,65172,basic,west,yes
43,87578,premium,south,no
28,72450,plus,north,no
30,53972,basic,south,no
39,26863,premium,north,no
37,32087,basic,west,no
36,60138,premium,west,no
43,60328,basic,west,no
47,69064,basic,west,no
33,37807,premium,south,yes
24,37176,basic,east,yes
37,21505,plus,south,no
40,95247,basic,north,no
50,77784,plus,south,no
28,82385,plus,north,no
39,20000,basic,east,no
32,105308,premium,south,no
19,36078,premium,south,no
37,78766,plus,west,no
27,47106,premium,south,yes
42,37488,basic,east,yes
32,132310,plus,west,no
28,30924,basic,east,no
31,77518,basic,east,no
38,28371,basic,south,no
36,81203,basic,south,no
22,45264,basic,south,yes
39,59359,plus,north,no
35,23016,basic,east,no
29,68027,plus,north,no
27,139139,plus,east,no
28,78727,premium,east,no
36,37800,basic,west,no
37,44945,basic,east,yes
28,133793,basic,west,no
20,20000,basic,west,no
26,80481,basic,south,no
39,31315,plus,east,no
30,51694,premium,west,no
32,20819,plus,east,no
43,69552,basic,west,yes
36,38004,premium,north,no
45,65503,basic,east,no
19,53543,basic,east,no
44,50254,basic,north,no
39,29797,basic,south,no
29,36747,plus,north,no
36,20000,premium,south,no
34,69014,basic,west,yes
35,58661,plus,north,no
38,109346,basic,north,no
34,44153,basic,south,yes
25,20000,basic,east,no
31,20350,plus,north,no
39,30393,basic,east,no
32,29063,basic,south,no
23,41306,basic,north,no
41,49076,premium,east,no
20,101128,basic,west,yes
44,26077,premium,east,no
35,94069,plus,south,no
26,73161,basic,west,no
29,54435,plus,north,no
34,81681,premium,south,no
33,26288,basic,east,no
37,41317,basic,south,no
38,33103,basic,west,no
30,51655,basic,north,yes
38,28504,basic,south,no
38,84960,plus,east,yes
43,118146,basic,east,no
43,116549,basic,north,no
32,29960,basic,south,no
31,61375,basic,east,yes
27,76110,basic,north,no
39,36422,basic,south,no
28,27039,basic,south,no
42,37202,premium,east,no
38,47260,basic,south,no
18,82267,basic,east,no
27,45892,basic,west,no
39,28733,basic,north,no
28,45464,plus,south,no
43,42202,plus,east,no
34,84169,basic,south,yes
21,71633,basic,west,no
49,46876,basic,east,no
24,63606,plus,east,no
36,25823,basic,east,no
32,71116,premium,south,no
18,70568,plus,west,no
37,111604,plus,west,no
24,50155,plus,north,yes
45,44788,plus,north,no
20,32323,basic,south,no
33,58561,plus,west,no
20,78793,basic,south,no
18,72648,basic,east,yes
35,41613,premium,west,no
29,57186,basic,east,no
20,75822,basic,west,no
51,115352,basic,north,no
37,39766,premium,south,no
47,36575,basic,east,yes
53,42325,plus,south,no
32,52532,basic,north,no
32,79358,basic,east,no
49,106743,basic,east,no
43,52393,plus,north,no
20,52279,basic,north,yes
36,27744,basic,south,yes
37,59177,basic,north,no
54,105609,premium,south,no
50,62169,plus,north,no
27,80167,basic,north,yes
44,92756,basic,east,no
20,58321,premium,south,yes
50,58775,basic,north,no
42,42622,basic,north,no
45,40790,basic,north,no
22,31094,basic,west,no
43,95036,basic,east,no
26,119515,plus,west,no
31,39327,basic,north,no
25,86163,basic,north,no
18,37809,basic,north,no
20,51046,basic,east,yes
23,112720,basic,east,no
38,86097,premium,south,no
20,47742,plus,south,no
55,72238,premium,north,yes
23,43780,basic,south,no
48,80062,plus,west,no
54,98964,premium,west,no
29,40760,plus,south,no
34,42014,premium,north,no
23,67140,plus,north,yes
42,40868,plus,north,no
34,96589,basic,west,no
36,69726,plus,south,no
18,59731,premium,west,no
36,107734,plus,south,no
34,50090,basic,north,no
34,30154,basic,south,no
41,95614,basic,south,no
25,65810,premium,north,no
33,67307,premium,south,no
47,48871,basic,west,yes
39,28513,basic,west,no
32,27696,basic,south,yes
27,59963,premium,north,yes
35,42400,premium,east,no
27,134086,basic,east,no
20,86200,basic,north,no
47,45718,basic,east,yes
18,135885,plus,west,no
29,63580,basic,north,yes
47,77569,plus,north,no
38,63317,premium,west,no
41,45340,basic,north,yes
41,88596,plus,north,no
18,89429,basic,east,no
44,41880,basic,east,no
37,59794,plus,south,no
29,36826,basic,north,no
18,75483,basic,east,no
43,36675,premium,north,no
21,225800,plus,west,no
39,39247,basic,south,no
30,72358,basic,north,no
25,107857,basic,east,yes
19,69383,basic,west,yes
35,28793,premium,east,no
28,81147,basic,west,yes
27,37613,basic,south,yes
45,57535,basic,east,no
51,26068,plus,north,no
49,30096,basic,west,yes
36,25573,plus,south,no
31,41032,basic,north,no
18,58738,basic,south,no
33,20000,basic,north,no
63,73620,premium,east,no
35,122219,premium,east,no
29,34423,premium,west,no
53,52981,premium,west,no
43,40070,plus,north,no
46,22008,basic,east,no
42,53082,plus,west,no
32,20000,basic,east,no
28,25606,premium,east,no
35,56143,plus,east,no
18,60546,plus,west,no
42,84612,basic,south,no
26,49899,basic,east,yes
40,48951,premium,west,yes
30,73757,basic,south,yes
33,39772,basic,west,no
39,26954,plus,west,no
36,42453,plus,north,no
35,70521,basic,east,yes
54,95924,plus,east,no
41,50651,premium,east,yes
52,194716,plus,east,yes
43,85761,plus,north,no
41,41122,plus,west,no
31,59815,plus,west,no
38,75045,basic,west,no
20,32848,basic,west,yes
41,63970,plus,east,no
31,52940,premium,east,no
34,59575,basic,east,yes
34,25823,plus,north,no
56,52556,basic,east,no
45,75896,plus,north,no
34,77281,plus,south,no
18,58667,basic,north,no
32,46602,plus,west,no
59,55265,basic,north,no
39,99168,basic,west,no
37,20000,plus,south,no
44,44095,plus,north,no
26,63410,basic,south,no
45,94506,premium,east,no
30,33266,basic,south,yes
45,42246,plus,west,no
41,38272,plus,west,no
41,94062,premium,east,no
37,35381,plus,west,no
23,121713,basic,east,no
60,129471,plus,north,no
35,116970,basic,west,no
28,82357,plus,west,no
40,111896,basic,south,no
25,45014,basic,south,yes
38,33827,premium,east,no
50,52956,premium,west,no
41,45684,basic,south,no
39,50608,basic,south,yes
34,50028,basic,south,no
49,49771,basic,south,yes
38,48135,basic,south,no
24,46114,basic,south,no
34,40105,plus,east,no
29,42457,plus,north,no
31,60004,plus,north,no
47,36909,plus,west,no
39,83825,plus,east,no
33,74432,premium,east,yes
58,25334,basic,east,no
37,31731,basic,north,no
44,99551,basic,north,no
41,156197,plus,south,no
33,47948,basic,west,no
18,32317,plus,south,no
32,65229,basic,east,yes
50,71302,premium,south,no
30,44113,premium,west,no
37,38785,basic,west,no
28,36064,basic,south,no
18,46277,premium,east,no
18,20832,basic,south,no
20,77608,basic,east,yes
42,35766,premium,north,no
45,59527,plus,north,no
29,37399,premium,east,no
18,71167,basic,east,no
33,58850,basic,north,no
28,112000,premium,south,no
22,89404,premium,west,no
25,87516,plus,east,no
37,38582,basic,south,no
23,41216,basic,east,no
34,34252,basic,north,no
46,33544,basic,north,no
31,36082,plus,west,yes
37,39479,plus,south,no
44,36367,basic,west,no
41,32436,plus,west,no
31,30411,basic,west,no
23,39535,premium,south,no
41,20000,premium,east,no
29,31656,basic,south,no
47,39778,plus,east,no
24,58917,basic,west,yes
31,75050,basic,west,no
31,54168,basic,east,yes
29,64563,basic,south,no
36,64496,basic,west,no
30,38357,premium,east,no
36,62816,plus,south,no
31,87117,premium,south,no
38,60552,plus,south,yes
41,50407,premium,east,no
33,39628,basic,west,no
52,52452,basic,west,no
18,94662,basic,south,no
33,54159,basic,east,no
38,70538,plus,east,no
24,101671,basic,south,no
32,40588,basic,west,no
25,38236,basic,north,yes
25,64547,basic,north,yes
27,54294,basic,east,no
34,42953,plus,south,no
44,48859,plus,south,no
40,64333,basic,west,yes
42,70377,premium,south,no
45,103450,basic,east,yes
34,179206,basic,east,no
37,85697,plus,north,no
47,75833,basic,north,no
18,30412,plus,east,no
42,71768,basic,west,no
36,80135,basic,east,yes
40,50734,basic,south,no
34,27553,premium,north,no
18,100427,basic,east,no
38,64341,basic,south,no
37,32821,plus,west,no
33,82718,plus,south,no
60,33054,basic,south,no
38,33265,plus,south,no
33,68771,premium,north,no
33,85289,basic,north,no
45,71186,premium,west,no
47,59772,basic,east,no
38,55133,premium,east,no
43,61849,plus,west,no
40,48872,basic,north,yes
33,20228,basic,south,yes
36,31779,basic,west,yes
28,54842,basic,south,no
30,67579,basic,north,no
19,120831,basic,north,no
23,35093,basic,east,no
31,26037,plus,west,yes
44,64272,basic,north,no
35,110490,plus,east,yes
26,50390,basic,south,no
45,49906,plus,south,no
27,48748,plus,east,no
39,129693,basic,east,no
33,28667,premium,north,no
34,62908,plus,south,no
35,109079,basic,east,no
33,76557,basic,north,yes
42,87038,plus,west,no
40,115782,plus,east,no
55,41663,plus,south,no
39,98300,basic,south,no
52,44882,basic,south,no
33,44442,basic,north,no
18,126050,premium,west,no
21,76651,basic,east,no
28,95569,plus,east,no
41,52151,premium,east,no
21,29541,plus,west,no
47,48955,basic,north,no
27,126177,basic,east,yes
37,47022,basic,north,yes
43,114717,basic,south,no
20,70936,plus,east,no
45,83821,plus,east,no
31,42199,plus,east,no
32,29360,basic,west,yes
27,43283,basic,east,no
28,32928,premium,east,no
24,62170,basic,north,no
37,102194,basic,south,yes
54,38340,plus,north,no
20,38347,basic,west,no
22,46008,basic,north,no
18,139594,basic,south,no
55,32815,basic,south,yes
25,64373,basic,east,no
36,166630,plus,north,no
34,107335,basic,north,yes
33,30124,plus,north,no
56,80808,basic,south,no
18,29145,basic,north,no
33,34390,plus,west,no
43,85292,basic,east,yes
34,37177,basic,west,no
28,58744,plus,south,no
39,51216,premium,north,no
27,86261,basic,south,no
33,23956,basic,west,no
25,62027,basic,west,yes
29,54377,basic,east,no
44,96513,basic,west,no
23,48648,basic,north,no
22,25271,basic,east,no
36,27244,basic,south,no
53,20000,premium,west,no
31,39804,basic,north,no
44,54104,basic,west,no
40,34904,basic,west,no
30,28673,basic,south,yes
20,45042,basic,north,yes
36,61523,basic,north,no
34,48936,premium,west,no
28,74142,basic,south,no
43,69232,basic,east,no
45,50147,premium,north,no
27,76935,basic,west,yes
35,55604,plus,south,no
29,37156,basic,east,yes
35,55702,basic,north,no
37,75443,plus,north,no
41,28946,basic,west,yes
55,39925,premium,east,no
28,28652,premium,west,no
28,36432,basic,north,yes
31,39670,premium,south,no
34,46320,basic,north,yes
27,100811,basic,east,yes
39,21807,basic,west,no
30,33660,plus,south,no
19,92722,basic,east,yes
41,77400,plus,west,yes
28,103688,plus,east,yes
18,43310,basic,west,no
44,56246,plus,south,no
53,76064,basic,south,yes
42,44195,premium,west,no
32,53765,premium,west,no
40,102117,premium,north,no
18,29843,premium,west,no
48,43494,basic,south,no
46,83943,plus,west,no
18,40796,basic,north,no
25,73188,basic,east,no
52,119383,plus,east,no
45,110256,basic,east,no
42,100591,basic,south,yes
49,44720,premium,east,no
35,57241,plus,west,no
33,23245,basic,east,yes
38,40187,basic,north,yes
40,27189,basic,north,no
47,30069,plus,west,no
51,102905,plus,east,no
27,59812,plus,east,no
18,66230,basic,west,yes
23,62793,plus,south,no
36,50597,plus,west,no
25,94153,basic,east,no
33,37234,plus,south,no
19,46858,plus,east,no
44,26606,plus,west,no
42,68764,basic,west,no
24,72648,premium,south,no
31,36460,plus,north,no
37,27813,basic,north,no
47,57758,premium,south,no
21,103549,basic,north,yes
23,77729,premium,south,yes
29,57857,basic,north,no
31,37432,plus,north,no
39,63884,plus,west,no
30,39387,premium,north,no
24,86013,plus,south,no
39,39923,plus,south,yes
51,56163,premium,east,no
21,92838,premium,south,no
31,57543,plus,south,no
22,82747,basic,north,no
37,93072,basic,east,no
18,93225,plus,south,no
25,52393,basic,south,yes
26,86780,basic,south,no
31,76788,plus,north,no
37,54768,basic,west,no
37,85692,premium,east,no
19,49821,basic,south,yes
45,35251,plus,south,no
44,25901,premium,south,yes
42,57084,basic,north,no
22,86029,plus,west,no
36,20000,premium,south,no
29,116988,basic,north,no
52,22466,basic,west,yes
28,24270,basic,south,no
18,77444,premium,west,no
28,76578,basic,west,no
49,64069,premium,south,no
31,84969,plus,east,no
20,44904,basic,north,no
55,153279,basic,south,no
26,47147,plus,west,no
42,80187,basic,west,no
23,82031,basic,north,yes
30,100744,plus,west,no
33,29929,basic,south,no
42,22166,basic,west,no
22,53619,plus,south,no
22,65661,premium,south,no
35,37152,plus,north,no
35,52660,basic,east,no
58,39439,basic,west,no
45,58586,premium,east,no
38,27096,basic,north,yes
20,39614,basic,south,no
40,49816,basic,south,no
43,41240,basic,north,no
27,23441,plus,west,no
37,36947,premium,east,no
41,43098,plus,south,no
19,94511,plus,west,no
26,20708,plus,west,no
28,72759,premium,west,no
27,20000,premium,south,no
32,40407,basic,east,yes
28,33809,basic,north,no
19,37656,plus,east,no
54,45099,basic,south,yes
38,20225,premium,south,no
18,40049,plus,east,no
31,88554,premium,east,no
47,30369,plus,east,no
20,29466,basic,west,yes
46,61547,premium,west,no
38,54309,plus,south,no
41,20000,basic,north,yes
21,20000,plus,south,yes
36,85981,plus,north,no
42,68664,basic,north,no
19,44634,basic,east,no
25,41982,premium,east,no
45,51189,premium,east,yes
33,33227,basic,west,yes
20,34114,plus,west,no
30,63122,plus,north,no
36,23615,basic,west,no
41,27023,basic,south,no
30,32180,plus,south,no
29,48648,basic,east,no
22,20000,basic,west,no
58,58450,basic,west,yes
47,88589,basic,north,no
27,80367,basic,north,no
25,49826,premium,west,no
26,76826,plus,west,no
26,41289,basic,south,no
37,35524,plus,north,no
33,45297,plus,north,no
46,93172,basic,west,no
28,54301,basic,north,yes
30,99847,basic,east,no
51,42611,basic,north,yes
34,33354,basic,south,no
30,69549,premium,south,yes
31,23583,basic,east,yes
35,44735,basic,north,no
27,49899,premium,south,no
49,37522,plus,east,no
30,46927,basic,south,yes
48,40281,plus,north,no
28,58696,basic,west,no
20,39721,plus,west,no
51,56368,plus,north,no
26,33741,premium,east,no
34,70405,basic,west,no
38,96383,basic,east,yes
23,52600,basic,south,no
55,33309,premium,north,no
22,59296,basic,east,no
42,52635,premium,west,no
23,40548,premium,east,yes
27,80735,plus,north,no
33,111468,basic,west,no
32,21507,basic,south,no
22,41287,plus,east,no
29,35323,basic,west,no
19,68800,basic,east,no
20,23765,plus,west,no
24,55140,plus,north,no
26,31849,premium,west,no
37,37723,premium,east,no
31,53235,plus,west,no
49,40987,basic,south,no
29,70973,plus,west,no
18,72234,premium,north,no
30,84110,basic,north,no
41,39200,basic,west,no
38,61213,premium,west,yes
29,64358,plus,east,no
38,76106,basic,south,yes
33,38904,plus,east,no
49,49014,basic,south,yes
39,26529,premium,west,no
37,181567,premium,south,no
41,93598,premium,west,no
18,62948,basic,east,no
25,74785,basic,west,no
42,34254,basic,north,no
33,67560,basic,south,yes
33,100578,premium,west,no
44,40368,premium,south,no
42,69469,basic,east,no
45,59460,basic,north,no
29,40382,basic,east,no
30,67127,basic,east,no
36,94963,basic,west,no
43,124088,basic,east,no
28,41055,basic,east,no
39,60335,basic,east,no
21,51418,basic,west,no
37,58247,plus,south,no
32,52591,basic,west,no
31,96176,basic,west,yes
37,128860,plus,west,no
26,47621,basic,north,no
53,71205,plus,south,no
37,46507,basic,south,no
46,66334,plus,north,no
56,35942,basic,south,no
29,23862,basic,west,no
18,53117,plus,north,no
38,100596,basic,east,yes
55,124564,premium,south,no
28,33727,basic,north,no
45,51107,basic,south,yes
34,63449,plus,south,no
45,79235,plus,east,no
18,82953,basic,north,no
38,21797,basic,north,no
39,70797,basic,west,no
51,25675,premium,east,no
35,35830,basic,north,no
52,55899,plus,west,yes
46,61401,basic,west,no
20,96287,basic,south,no
37,74395,plus,north,no
43,25342,plus,north,no
44,93312,basic,south,no
32,23020,basic,south,no
49,108192,plus,north,no
39,56233,premium,west,no
34,121840,basic,west,no
25,71787,basic,east,no
30,50042,basic,west,no
29,64883,basic,west,no
32,44253,premium,east,yes
28,77183,basic,south,no
61,35021,basic,south,no
42,41554,basic,east,no
39,51305,premium,north,no
43,25702,plus,west,no
23,60549,premium,east,yes
38,89918,plus,south,no
29,62553,premium,south,no
34,62031,plus,north,no
38,27802,premium,west,no
27,49846,plus,north,no
34,39532,plus,north,no
38,26323,plus,north,no
23,91424,plus,south,no
48,45217,plus,north,no
25,51412,plus,east,no
26,106374,premium,south,no
